Evaluation,FEN
0.2,rnbqkbnr/pppppppp/8/8/8/8/PPPPPPPP/RNBQKBNR w KQkq - 0 1
0.2,rnbqkbnr/pppppppp/8/8/4P3/8/PPPP1PPP/RNBQKBNR b KQkq - 0 1
0.4,rnbqkbnr/pppp1ppp/8/4p3/4P3/8/PPPP1PPP/RNBQKBNR w KQkq - 0 2
0.3,rnbqkbnr/pppp1ppp/8/4p3/4P3/5N2/PPPP1PPP/RNBQKB1R b KQkq - 1 2
0.2,r1bqkbnr/pppp1ppp/2n5/4p3/4P3/5N2/PPPP1PPP/RNBQKB1R w KQkq - 2 3
0.2,r1bqkbnr/pppp1ppp/2n5/4p3/2B1P3/5N2/PPPP1PPP/RNBQK2R b KQkq - 3 3
0.3,r1bqkb1r/pppp1ppp/2n2n2/4p3/2B1P3/5N2/PPPP1PPP/RNBQK2R w KQkq - 4 4
0.3,r1bqkb1r/pppp1ppp/2n2n2/4p1N1/2B1P3/8/PPPP1PPP/RNBQK2R b KQkq - 5 4
0.4,r1bqkb1r/ppp2ppp/2n2n2/3pp1N1/2B1P3/8/PPPP1PPP/RNBQK2R w KQkq - 0 5
0.2,r1bqkb1r/ppp2ppp/2n2n2/3Pp1N1/2B5/8/PPPP1PPP/RNBQK2R b KQkq - 0 5
0.9,r1bqkb1r/ppp2ppp/2n5/3np1N1/2B5/8/PPPP1PPP/RNBQK2R w KQkq - 0 6
0.4,r1bqkb1r/ppp2Npp/2n5/3np3/2B5/8/PPPP1PPP/RNBQK2R b KQkq - 0 6
0.4,r1bq1b1r/ppp2kpp/2n5/3np3/2B5/8/PPPP1PPP/RNBQK2R w KQ - 0 7
0.6,r1bq1b1r/ppp2kpp/2n5/3np3/2B5/5Q2/PPPP1PPP/RNB1K2R b KQ - 1 7
100,r1bq1bkr/ppp3pp/2n5/3np3/2B5/5Q2/PPPP1PPP/RNB1K2R w KQ - 2 8
100,r1bq1bkr/ppp3pp/2n5/3Bp3/8/5Q2/PPPP1PPP/RNB1K2R b KQ - 0 8
100,r2q1bkr/ppp3pp/2n1b3/3Bp3/8/5Q2/PPPP1PPP/RNB1K2R w KQ - 1 9
100,r2q1bkr/ppp3pp/2n1B3/4p3/8/5Q2/PPPP1PPP/RNB1K2R b KQ - 0 9
-0.1,rnbqkbnr/pppppppp/8/8/5P2/8/PPPPP1PP/RNBQKBNR b KQkq - 0 1
0,rnbqkbnr/ppp1pppp/8/3p4/5P2/8/PPPPP1PP/RNBQKBNR w KQkq - 0 2
-0.4,rnbqkbnr/ppp1pppp/8/3p4/5P2/4P3/PPPP2PP/RNBQKBNR b KQkq - 0 2
-0.2,rnbqkbnr/ppp2ppp/4p3/3p4/5P2/4P3/PPPP2PP/RNBQKBNR w KQkq - 0 3
-0.3,rnbqkbnr/ppp2ppp/4p3/3p4/5P2/4P3/PPPPB1PP/RNBQK1NR b KQkq - 1 3
0.3,rnb1kbnr/ppp2ppp/4p3/3p4/5P1q/4P3/PPPPB1PP/RNBQK1NR w KQkq - 2 4
0.4,rnb1kbnr/ppp2ppp/4p3/3p4/5P1q/4P1P1/PPPPB2P/RNBQK1NR b KQkq - 0 4
13.1,rnb1kbnr/ppp3pp/4pp2/3p4/5P1q/4P1P1/PPPPB2P/RNBQK1NR w KQkq - 0 5
1.2,rnb1kbnr/ppp3pp/4pp2/3p4/5P1q/4PNP1/PPPPB2P/RNBQK2R b KQkq - 1 5
12.5,rnb1kbnr/ppp3pp/4pp2/3p4/5P2/4PNq1/PPPPB2P/RNBQK2R w KQkq - 0 6
-2.4,rnb1kbnr/ppp3pp/4pp2/3p4/5P2/4PNq1/PPPPB2P/RNBQ1K1R b kq - 1 6
-2.4,rnb1kbnr/ppp3pp/4pp2/3p4/5P2/4PN1q/PPPPB2P/RNBQ1K1R w kq - 2 7
-2.4,rnb1kbnr/ppp3pp/4pp2/3p4/5P2/4PN1q/PPPPBK1P/RNBQ3R b kq - 3 7
-2.5,r1b1kbnr/ppp3pp/2n1pp2/3p4/5P2/4PN1q/PPPPBK1P/RNBQ3R w kq - 4 8
-4.9,r1b1kbnr/ppp3pp/2n1pp2/3p4/5P2/4PN1q/PPPPBK1P/RNBQR3 b kq - 5 8
-4.6,r1b1kbnr/ppp3pp/2n2p2/3pp3/5P2/4PN1q/PPPPBK1P/RNBQR3 w kq - 0 9
-6.5,r1b1kbnr/ppp3pp/2n2p2/3pP3/8/4PN1q/PPPPBK1P/RNBQR3 b kq - 0 9
-6.9,r1b1kbnr/ppp3pp/2n5/3pp3/8/4PN1q/PPPPBK1P/RNBQR3 w kq - 0 10
-9.1,r1b1kbnr/ppp3pp/2n5/3pp3/8/2P1PN1q/PP1PBK1P/RNBQR3 b kq - 0 10
-9.8,r1b1kbnr/ppp3pp/2n5/3p4/4p3/2P1PN1q/PP1PBK1P/RNBQR3 w kq - 0 11
-100,r1b1kbnr/ppp3pp/2n5/3p4/3Np3/2P1P2q/PP1PBK1P/RNBQR3 b kq - 1 11
-100,r1b1kbnr/ppp3pp/2n5/3p4/3Np3/2P1P3/PP1PBK1q/RNBQR3 w kq - 0 12
-100,r1b1kbnr/ppp3pp/2n5/3p4/3Np3/2P1P3/PP1PB2q/RNBQRK2 b kq - 1 12
-100,r3kbnr/ppp3pp/2n5/3p4/3Np3/2P1P2b/PP1PB2q/RNBQRK2 w kq - 2 13
0.3,rnbqkbnr/pppppppp/8/8/3P4/8/PPP1PPPP/RNBQKBNR b KQkq - 0 1
0.2,rnbqkb1r/pppppppp/5n2/8/3P4/8/PPP1PPPP/RNBQKBNR w KQkq - 1 2
0.2,rnbqkb1r/pppppppp/5n2/8/2PP4/8/PP2PPPP/RNBQKBNR b KQkq - 0 2
0.2,rnbqkb1r/pppp1ppp/4pn2/8/2PP4/8/PP2PPPP/RNBQKBNR w KQkq - 0 3
0.1,rnbqkb1r/pppp1ppp/4pn2/8/2PP4/2N5/PP2PPPP/R1BQKBNR b KQkq - 1 3
0.2,rnbqk2r/pppp1ppp/4pn2/8/1bPP4/2N5/PP2PPPP/R1BQKBNR w KQkq - 2 4
0.2,rnbqk2r/pppp1ppp/4pn2/8/1bPP4/2N5/PPQ1PPPP/R1B1KBNR b KQkq - 3 4
0,rnbq1rk1/pppp1ppp/4pn2/8/1bPP4/2N5/PPQ1PPPP/R1B1KBNR w KQ - 4 5
0,rnbq1rk1/pppp1ppp/4pn2/6B1/1bPP4/2N5/PPQ1PPPP/R3KBNR b KQ - 5 5
0,rnbq1rk1/pppp1pp1/4pn1p/6B1/1bPP4/2N5/PPQ1PPPP/R3KBNR w KQ - 0 6
0,rnbq1rk1/pppp1pp1/4pn1p/8/1bPP3B/2N5/PPQ1PPPP/R3KBNR b KQ - 1 6
0,rnbq1rk1/pp1p1pp1/4pn1p/2p5/1bPP3B/2N5/PPQ1PPPP/R3KBNR w KQ - 0 7
0,rnbq1rk1/pp1p1pp1/4pn1p/2p5/1bPP3B/2N2N2/PPQ1PPPP/R3KB1R b KQ - 1 7
0,rnbq1rk1/pp1p1pp1/4pn1p/8/1bPp3B/2N2N2/PPQ1PPPP/R3KB1R w KQ - 0 8
0.1,rnbq1rk1/pp1p1pp1/4pn1p/8/1bPN3B/2N5/PPQ1PPPP/R3KB1R b KQ - 0 8
0.3,rnbq1rk1/pp3pp1/3ppn1p/8/1bPN3B/2N5/PPQ1PPPP/R3KB1R w KQ - 0 9
0.3,rnbq1rk1/pp3pp1/3ppn1p/8/1bPN3B/2N1P3/PPQ2PPP/R3KB1R b KQ - 0 9
0.2,rnbq1rk1/pp3pp1/3p1n1p/4p3/1bPN3B/2N1P3/PPQ2PPP/R3KB1R w KQ - 0 10
-0.3,rnbq1rk1/pp3pp1/3p1n1p/4p3/1bP4B/2N1PN2/PPQ2PPP/R3KB1R b KQ - 1 10
-0.3,rn1q1rk1/pp3pp1/3pbn1p/4p3/1bP4B/2N1PN2/PPQ2PPP/R3KB1R w KQ - 2 11
-0.6,rn1q1rk1/pp3pp1/3pbn1p/4p3/1bP4B/P1N1PN2/1PQ2PPP/R3KB1R b KQ - 0 11
-0.8,rn1q1rk1/pp3pp1/3pbn1p/4p3/2P4B/P1b1PN2/1PQ2PPP/R3KB1R w KQ - 0 12
-1,rn1q1rk1/pp3pp1/3pbn1p/4p3/2P4B/P1Q1PN2/1P3PPP/R3KB1R b KQ - 0 12
-0.8,rn1q1rk1/pp3p2/3pbn1p/4p1p1/2P4B/P1Q1PN2/1P3PPP/R3KB1R w KQ - 0 13
-0.8,rn1q1rk1/pp3p2/3pbn1p/4p1p1/2P5/P1Q1PNB1/1P3PPP/R3KB1R b KQ - 1 13
-0.6,r2q1rk1/pp1n1p2/3pbn1p/4p1p1/2P5/P1Q1PNB1/1P3PPP/R3KB1R w KQ - 2 14
-1.8,r2q1rk1/pp1n1p2/3pbn1p/4p1p1/2P5/P1QBPNB1/1P3PPP/R3K2R b KQ - 3 14
-1.9,r2q1rk1/pp1n1p2/3pbn1p/6p1/2P1p3/P1QBPNB1/1P3PPP/R3K2R w KQ - 0 15
-2,r2q1rk1/pp1n1p2/3Bbn1p/6p1/2P1p3/P1QBPN2/1P3PPP/R3K2R b KQ - 0 15
-1.9,r2qr1k1/pp1n1p2/3Bbn1p/6p1/2P1p3/P1QBPN2/1P3PPP/R3K2R w KQ - 1 16
-2.1,r2qr1k1/pp1n1p2/3Bbn1p/6p1/2P1p3/P1Q1PN2/1P2BPPP/R3K2R b KQ - 2 16
-2.2,r2qr1k1/pp1n1p2/3Bbn1p/6p1/2P5/P1Q1Pp2/1P2BPPP/R3K2R w KQ - 0 17
-3.3,r2qr1k1/pp1n1p2/3Bbn1p/6p1/2P5/P1Q1PB2/1P3PPP/R3K2R b KQ - 0 17
-3.5,2rqr1k1/pp1n1p2/3Bbn1p/6p1/2P5/P1Q1PB2/1P3PPP/R3K2R w KQ - 1 18
-3.5,2rqr1k1/pp1n1p2/3Bbn1p/6p1/2P5/PPQ1PB2/5PPP/R3K2R b KQ - 0 18
-3.3,2rqr1k1/p2n1p2/3Bbn1p/1p4p1/2P5/PPQ1PB2/5PPP/R3K2R w KQ - 0 19
-3.6,2rqr1k1/p2n1p2/3Bbn1p/1pP3p1/8/PPQ1PB2/5PPP/R3K2R b KQ - 0 19
-3.6,2rqr1k1/p2n1p2/3Bbn1p/1pP5/6p1/PPQ1PB2/5PPP/R3K2R w KQ - 0 20
-3.7,2rqr1k1/pB1n1p2/3Bbn1p/1pP5/6p1/PPQ1P3/5PPP/R3K2R b KQ - 1 20
-3.7,2rqr1k1/pB3p2/3Bbn1p/1pn5/6p1/PPQ1P3/5PPP/R3K2R w KQ - 0 21
-3.8,2rqr1k1/pB3p2/4bn1p/1pB5/6p1/PPQ1P3/5PPP/R3K2R b KQ - 0 21
-3.8,3qr1k1/pBr2p2/4bn1p/1pB5/6p1/PPQ1P3/5PPP/R3K2R w KQ - 1 22
-6.7,3qr1k1/p1r2p2/B3bn1p/1pB5/6p1/PPQ1P3/5PPP/R3K2R b KQ - 2 22
-7.1,3qr1k1/p1r2p2/B3b2p/1pB5/4n1p1/PPQ1P3/5PPP/R3K2R w KQ - 3 23
-7.3,3qr1k1/p1r2p2/B3b2p/1pB5/1Q2n1p1/PP2P3/5PPP/R3K2R b KQ - 4 23
-7.4,3qr1k1/p1r2p2/B3b2p/1pn5/1Q4p1/PP2P3/5PPP/R3K2R w KQ - 0 24
-7.2,3qr1k1/p1r2p2/4b2p/1Bn5/1Q4p1/PP2P3/5PPP/R3K2R b KQ - 0 24
-7.4,3qr1k1/2r2p2/4b2p/pBn5/1Q4p1/PP2P3/5PPP/R3K2R w KQ - 0 25
-19.1,3qr1k1/2r2p2/4b2p/pBn5/6Q1/PP2P3/5PPP/R3K2R b KQ - 0 25
-21.5,3qr1k1/2r2p2/7p/pBn5/6b1/PP2P3/5PPP/R3K2R w KQ - 0 26
-21.5,3qr1k1/2r2p2/7p/pBn5/6b1/PP2P3/5PPP/R4RK1 b - - 1 26
-21.8,3qr1k1/2r2p2/7p/pB6/6b1/Pn2P3/5PPP/R4RK1 w - - 0 27
0.2,rnbqkbnr/pppppppp/8/8/8/8/PPPPPPPP/RNBQKBNR w KQkq - 0 1
0,rnbqkbnr/pppppppp/8/8/8/6P1/PPPPPP1P/RNBQKBNR b KQkq - 0 1
0.3,rnbqkbnr/ppp1pppp/8/3p4/8/6P1/PPPPPP1P/RNBQKBNR w KQkq - 0 2
0.2,rnbqkbnr/ppp1pppp/8/3p4/8/5NP1/PPPPPP1P/RNBQKB1R b KQkq - 1 2
0.4,rnbqkbnr/pp2pppp/2p5/3p4/8/5NP1/PPPPPP1P/RNBQKB1R w KQkq - 0 3
0.3,rnbqkbnr/pp2pppp/2p5/3p4/8/5NP1/PPPPPPBP/RNBQK2R b KQkq - 1 3
0.2,rnbqkbnr/pp2pp1p/2p3p1/3p4/8/5NP1/PPPPPPBP/RNBQK2R w KQkq - 0 4
0.2,rnbqkbnr/pp2pp1p/2p3p1/3p4/8/5NP1/PPPPPPBP/RNBQ1RK1 b kq - 1 4
0.4,rnbqk1nr/pp2ppbp/2p3p1/3p4/8/5NP1/PPPPPPBP/RNBQ1RK1 w kq - 2 5
0.2,rnbqk1nr/pp2ppbp/2p3p1/3p4/8/3P1NP1/PPP1PPBP/RNBQ1RK1 b kq - 0 5
0.2,rnbqk1nr/pp3pbp/2p3p1/3pp3/8/3P1NP1/PPP1PPBP/RNBQ1RK1 w kq - 0 6
0.2,rnbqk1nr/pp3pbp/2p3p1/3pp3/4P3/3P1NP1/PPP2PBP/RNBQ1RK1 b kq - 0 6
0.5,rnbqk2r/pp2npbp/2p3p1/3pp3/4P3/3P1NP1/PPP2PBP/RNBQ1RK1 w kq - 1 7
0.2,rnbqk2r/pp2npbp/2p3p1/3pp3/4P3/3P1NP1/PPPN1PBP/R1BQ1RK1 b kq - 2 7
0.2,rnbq1rk1/pp2npbp/2p3p1/3pp3/4P3/3P1NP1/PPPN1PBP/R1BQ1RK1 w - - 3 8
0.4,rnbq1rk1/pp2npbp/2p3p1/3pp3/4P3/2PP1NP1/PP1N1PBP/R1BQ1RK1 b - - 0 8
0.3,r1bq1rk1/pp1nnpbp/2p3p1/3pp3/4P3/2PP1NP1/PP1N1PBP/R1BQ1RK1 w - - 1 9
0.3,r1bq1rk1/pp1nnpbp/2p3p1/3pp3/P3P3/2PP1NP1/1P1N1PBP/R1BQ1RK1 b - - 0 9
0.1,r1bq1rk1/pp2npbp/2p3p1/2npp3/P3P3/2PP1NP1/1P1N1PBP/R1BQ1RK1 w - - 1 10
0.1,r1bq1rk1/pp2npbp/2p3p1/2npN3/P3P3/2PP2P1/1P1N1PBP/R1BQ1RK1 b - - 0 10
0.2,r1bq1rk1/pp2np1p/2p3p1/2npb3/P3P3/2PP2P1/1P1N1PBP/R1BQ1RK1 w - - 0 11
0.2,r1bq1rk1/pp2np1p/2p3p1/2npb3/P2PP3/2P3P1/1P1N1PBP/R1BQ1RK1 b - - 0 11
0.3,r1bq1rk1/pp2np1p/2p3p1/2np4/P2bP3/2P3P1/1P1N1PBP/R1BQ1RK1 w - - 0 12
0.1,r1bq1rk1/pp2np1p/2p3p1/2np4/P2PP3/6P1/1P1N1PBP/R1BQ1RK1 b - - 0 12
0.1,r1bq1rk1/pp2np1p/2p3p1/3p4/P2Pn3/6P1/1P1N1PBP/R1BQ1RK1 w - - 0 13
0,r1bq1rk1/pp2np1p/2p3p1/3p4/P2PB3/6P1/1P1N1P1P/R1BQ1RK1 b - - 0 13
0,r1bq1rk1/pp2np1p/2p3p1/8/P2Pp3/6P1/1P1N1P1P/R1BQ1RK1 w - - 0 14
0,r1bq1rk1/pp2np1p/2p3p1/8/P2PN3/6P1/1P3P1P/R1BQ1RK1 b - - 0 14
0,r1bq1rk1/pp2n2p/2p2pp1/8/P2PN3/6P1/1P3P1P/R1BQ1RK1 w - - 0 15
0.1,r1bq1rk1/pp2n2p/2p2pp1/8/P2PN3/6P1/1P3P1P/R1BQR1K1 b - - 1 15
0.1,r1bq2k1/pp2nr1p/2p2pp1/8/P2PN3/6P1/1P3P1P/R1BQR1K1 w - - 2 16
0,r1bq2k1/pp2nr1p/2p2pp1/P7/3PN3/6P1/1P3P1P/R1BQR1K1 b - - 0 16
-0.6,rnbqkbnr/pppppppp/8/8/7P/8/PPPPPPP1/RNBQKBNR b KQkq - 0 1
-0.3,rnbqkbnr/pppp1ppp/8/4p3/7P/8/PPPPPPP1/RNBQKBNR w KQkq - 0 2
-0.8,rnbqkbnr/pppp1ppp/8/4p3/7P/4P3/PPPP1PP1/RNBQKBNR b KQkq - 0 2
-0.9,rnbqkbnr/ppp2ppp/8/3pp3/7P/4P3/PPPP1PP1/RNBQKBNR w KQkq - 0 3
-0.6,rnbqkbnr/ppp2ppp/8/3pp3/3P3P/4P3/PPP2PP1/RNBQKBNR b KQkq - 0 3
-0.6,rnbqkbnr/ppp2ppp/8/3p4/3p3P/4P3/PPP2PP1/RNBQKBNR w KQkq - 0 4
-0.3,rnbqkbnr/ppp2ppp/8/3p4/3P3P/8/PPP2PP1/RNBQKBNR b KQkq - 0 4
-0.4,rnbqkb1r/ppp2ppp/5n2/3p4/3P3P/8/PPP2PP1/RNBQKBNR w KQkq - 1 5
-0.7,rnbqkb1r/ppp2ppp/5n2/3p4/3P3P/2N5/PPP2PP1/R1BQKBNR b KQkq - 2 5
-0.5,rnbqk2r/ppp2ppp/5n2/3p4/1b1P3P/2N5/PPP2PP1/R1BQKBNR w KQkq - 3 6
-0.6,rnbqk2r/ppp2ppp/5n2/3p4/1b1P3P/P1N5/1PP2PP1/R1BQKBNR b KQkq - 0 6
-0.5,rnbqk2r/ppp2ppp/5n2/3p4/3P3P/P1b5/1PP2PP1/R1BQKBNR w KQkq - 0 7
-0.6,rnbqk2r/ppp2ppp/5n2/3p4/3P3P/P1P5/2P2PP1/R1BQKBNR b KQkq - 0 7
-0.5,rnbqk2r/p1p2ppp/1p3n2/3p4/3P3P/P1P5/2P2PP1/R1BQKBNR w KQkq - 0 8
-0.5,rnbqk2r/p1p2ppp/1p3n2/1B1p4/3P3P/P1P5/2P2PP1/R1BQK1NR b KQkq - 1 8
-0.5,rnbqk2r/p4ppp/1pp2n2/1B1p4/3P3P/P1P5/2P2PP1/R1BQK1NR w KQkq - 0 9
-0.5,rnbqk2r/p4ppp/1pp2n2/3p4/3P3P/P1PB4/2P2PP1/R1BQK1NR b KQkq - 1 9
-0.3,rnbq1rk1/p4ppp/1pp2n2/3p4/3P3P/P1PB4/2P2PP1/R1BQK1NR w KQ - 2 10
-0.6,rnbq1rk1/p4ppp/1pp2n2/3p2B1/3P3P/P1PB4/2P2PP1/R2QK1NR b KQ - 3 10
-0.6,rnbqr1k1/p4ppp/1pp2n2/3p2B1/3P3P/P1PB4/2P2PP1/R2QK1NR w KQ - 4 11
-0.6,rnbqr1k1/p4ppp/1pp2n2/3p2B1/3P3P/P1PB4/2P2PP1/R2Q1KNR b - - 5 11
-0.5,r1bqr1k1/p2n1ppp/1pp2n2/3p2B1/3P3P/P1PB4/2P2PP1/R2Q1KNR w - - 6 12
-0.4,r1bqr1k1/p2n1ppp/1pp2n2/3p2B1/3P3P/P1PB4/2P1NPP1/R2Q1K1R b - - 7 12
-0.6,r1bqr1k1/p2n1pp1/1pp2n1p/3p2B1/3P3P/P1PB4/2P1NPP1/R2Q1K1R w - - 0 13
-0.7,r1bqr1k1/p2n1pp1/1pp2n1p/3p2B1/3P3P/P1PB2N1/2P2PP1/R2Q1K1R b - - 1 13
0.4,r1bqr1k1/p2n1pp1/1pp2n2/3p2p1/3P3P/P1PB2N1/2P2PP1/R2Q1K1R w - - 0 14
0.2,r1bqr1k1/p2n1pp1/1pp2n2/3p2P1/3P4/P1PB2N1/2P2PP1/R2Q1K1R b - - 0 14
5.6,r1bqr1k1/p2n1ppn/1pp5/3p2P1/3P4/P1PB2N1/2P2PP1/R2Q1K1R w - - 1 15
5.4,r1bqr1k1/p2n1ppB/1pp5/3p2P1/3P4/P1P3N1/2P2PP1/R2Q1K1R b - - 0 15
6.3,r1bqrk2/p2n1ppB/1pp5/3p2P1/3P4/P1P3N1/2P2PP1/R2Q1K1R w - - 1 16
6.7,r1bqrk2/p2n1pp1/1pp5/3p2P1/3P4/P1PB2N1/2P2PP1/R2Q1K1R b - - 2 16
6.9,r1bqrk2/p2n1p2/1pp3p1/3p2P1/3P4/P1PB2N1/2P2PP1/R2Q1K1R w - - 0 17
6.9,r1bqrk2/p2n1p2/1pp3p1/3p2P1/3P4/P1PB1QN1/2P2PP1/R4K1R b - - 1 17
6.7,r1bqr3/p2n1pk1/1pp3p1/3p2P1/3P4/P1PB1QN1/2P2PP1/R4K1R w - - 2 18
6.8,r1bqr3/p2n1pkR/1pp3p1/3p2P1/3P4/P1PB1QN1/2P2PP1/R4K2 b - - 3 18
6.8,r1bqr3/p2n1p1k/1pp3p1/3p2P1/3P4/P1PB1QN1/2P2PP1/R4K2 w - - 0 19
6.8,r1bqr3/p2n1Q1k/1pp3p1/3p2P1/3P4/P1PB2N1/2P2PP1/R4K2 b - - 0 19
7.3,r1bqr2k/p2n1Q2/1pp3p1/3p2P1/3P4/P1PB2N1/2P2PP1/R4K2 w - - 1 20
7.3,r1bqr2k/p2n4/1pp3Q1/3p2P1/3P4/P1PB2N1/2P2PP1/R4K2 b - - 0 20
7.4,r1bq3k/p2nr3/1pp3Q1/3p2P1/3P4/P1PB2N1/2P2PP1/R4K2 w - - 1 21
7.2,r1bq3k/p2nr3/1pp3Q1/3p1NP1/3P4/P1PB4/2P2PP1/R4K2 b - - 2 21
7.5,r2q3k/p2nr3/bpp3Q1/3p1NP1/3P4/P1PB4/2P2PP1/R4K2 w - - 3 22
100,r1bq1n1k/p3r3/1pp3Q1/3p1NP1/3P4/P1PB4/2P2PP1/R4K2 w - - 3 22
100,r1bq1n1k/p3r3/1pp2Q2/3p1NP1/3P4/P1PB4/2P2PP1/R4K2 b - - 4 22
100,r1bq1n2/p3r2k/1pp2Q2/3p1NP1/3P4/P1PB4/2P2PP1/R4K2 w - - 5 23
100,r1bq1n2/p3N2k/1pp2Q2/3p2P1/3P4/P1PB4/2P2PP1/R4K2 b - - 0 23
100,r2q1n2/p3N2k/1pp2Q2/3p1bP1/3P4/P1PB4/2P2PP1/R4K2 w - - 1 24
100,r2q1n2/p3N2k/1pp4Q/3p1bP1/3P4/P1PB4/2P2PP1/R4K2 b - - 2 24
0.1,rnbqkbnr/pppppppp/8/8/8/1P6/P1PPPPPP/RNBQKBNR b KQkq - 0 1
0.2,rnbqkbnr/pppp1ppp/8/4p3/8/1P6/P1PPPPPP/RNBQKBNR w KQkq - 0 2
0,rnbqkbnr/pppp1ppp/8/4p3/8/1P6/PBPPPPPP/RN1QKBNR b KQkq - 1 2
0.2,r1bqkbnr/pppp1ppp/2n5/4p3/8/1P6/PBPPPPPP/RN1QKBNR w KQkq - 2 3
0,r1bqkbnr/pppp1ppp/2n5/4p3/8/1P2P3/PBPP1PPP/RN1QKBNR b KQkq - 0 3
0.1,r1bqkbnr/ppp2ppp/2n5/3pp3/8/1P2P3/PBPP1PPP/RN1QKBNR w KQkq - 0 4
0.3,r1bqk1nr/ppp2ppp/2nb4/1B1pp3/8/1P2P3/PBPP1PPP/RN1QK1NR w KQkq - 2 5
0,r1bqkbnr/ppp2ppp/2n5/1B1pp3/8/1P2P3/PBPP1PPP/RN1QK1NR b KQkq - 1 4
0.2,r1bqk1nr/ppp2ppp/2nb4/1B1pp3/8/1P2PN2/PBPP1PPP/RN1QK2R b KQkq - 3 5
0.2,r1b1k1nr/ppp1qppp/2nb4/1B1pp3/8/1P2PN2/PBPP1PPP/RN1QK2R w KQkq - 4 6
0.4,r1b1k1nr/ppp1qppp/2nb4/1B1pp3/2P5/1P2PN2/PB1P1PPP/RN1QK2R b KQkq - 0 6
0,r1b1k1nr/ppp1qppp/2nb4/1B2p3/2p5/1P2PN2/PB1P1PPP/RN1QK2R w KQkq - 0 7
0.2,r1b1k1nr/ppp1qppp/2nb4/1B2p3/2P5/4PN2/PB1P1PPP/RN1QK2R b KQkq - 0 7
0.2,r1b1k2r/ppp1qppp/2nb1n2/1B2p3/2P5/4PN2/PB1P1PPP/RN1QK2R w KQkq - 1 8
0.1,r1b1k2r/ppp1qppp/2nb1n2/1BP1p3/8/4PN2/PB1P1PPP/RN1QK2R b KQkq - 0 8
-0.1,r1b1k2r/ppp1qppp/2n2n2/1Bb1p3/8/4PN2/PB1P1PPP/RN1QK2R w KQkq - 0 9
0,r1b1k2r/ppp1qppp/2n2n2/1Bb1B3/8/4PN2/P2P1PPP/RN1QK2R b KQkq - 0 9
0,r1b2rk1/ppp1qppp/2n2n2/1Bb1B3/8/4PN2/P2P1PPP/RN1QK2R w KQ - 1 10
-0.2,r1b2rk1/ppp1qppp/2n2B2/1Bb5/8/4PN2/P2P1PPP/RN1QK2R b KQ - 0 10
0,r1b2rk1/ppp2ppp/2n2q2/1Bb5/8/4PN2/P2P1PPP/RN1QK2R w KQ - 0 11
0,r1b2rk1/ppp2ppp/2n2q2/1Bb5/8/2N1PN2/P2P1PPP/R2QK2R b KQ - 1 11
0,r1b2rk1/ppp2ppp/2n3q1/1Bb5/8/2N1PN2/P2P1PPP/R2QK2R w KQ - 2 12
0,r1b2rk1/ppp2ppp/2n3q1/1Bb5/8/2N1PN2/P2P1PPP/R2Q1RK1 b - - 3 12
0,r4rk1/ppp2ppp/2n3q1/1Bb5/8/2N1PN1b/P2P1PPP/R2Q1RK1 w - - 4 13
0,r4rk1/ppp2ppp/2n3q1/1Bb5/7N/2N1P2b/P2P1PPP/R2Q1RK1 b - - 5 13
0.1,r4rk1/ppp2ppp/2n4q/1Bb5/7N/2N1P2b/P2P1PPP/R2Q1RK1 w - - 6 14
0.1,r4rk1/ppp2ppp/2n4q/1Bb5/7N/2N1PQ1b/P2P1PPP/R4RK1 b - - 7 14
0,r4rk1/ppp2ppp/2n5/1Bb5/7q/2N1PQ1b/P2P1PPP/R4RK1 w - - 0 15
0,r4rk1/ppp2ppp/2n5/1Bb5/7q/2N1P2Q/P2P1PPP/R4RK1 b - - 0 15
0,r4rk1/ppp2ppp/2n5/1Bb5/8/2N1P2q/P2P1PPP/R4RK1 w - - 0 16
0,r4rk1/ppp2ppp/2n5/1Bb5/8/2N1P2P/P2P1P1P/R4RK1 b - - 0 16
0,r4rk1/ppp2ppp/8/n1b5/8/2N1P2P/P2PBP1P/R4RK1 b - - 2 17
0,r4rk1/ppp2ppp/8/nBb5/8/2N1P2P/P2P1P1P/R4RK1 w - - 1 17
0,r4rk1/ppp1bppp/8/n7/8/2N1P2P/P2PBP1P/R4RK1 w - - 3 18
-0.1,r4rk1/ppp1bppp/8/n7/3P4/2N1P2P/P3BP1P/R4RK1 b - - 0 18
0,r4rk1/pp2bppp/2p5/n7/3P4/2N1P2P/P3BP1P/R4RK1 w - - 0 19
0,r4rk1/pp2bppp/2p5/n7/3P4/2N1P2P/P3BP1P/R2R2K1 b - - 1 19
0,r4rk1/pp2bp1p/2p3p1/n7/3P4/2N1P2P/P3BP1P/R2R2K1 w - - 0 20
0,r4rk1/pp2bp1p/2p3p1/n7/3P4/2N1P2P/P3BP1P/2RR2K1 b - - 1 20
0,r2r2k1/pp2bp1p/2p3p1/n7/3P4/2N1P2P/P3BP1P/2RR2K1 w - - 2 21
0,r2r2k1/pp2bp1p/2p3p1/n7/3P4/2N1P2P/P3BPKP/2RR4 b - - 3 21
0,r2r2k1/p3bp1p/1pp3p1/n7/3P4/2N1P2P/P3BPKP/2RR4 w - - 0 22
0,r2r2k1/p3bp1p/1pp3p1/n7/3PP3/2N4P/P3BPKP/2RR4 b - - 0 22
0,r2r4/p3bpkp/1pp3p1/n7/3PP3/2N4P/P3BPKP/2RR4 w - - 1 23
0,r2r4/p3bpkp/1pp3p1/n3P3/3P4/2N4P/P3BPKP/2RR4 b - - 0 23
0,2rr4/p3bpkp/1pp3p1/n3P3/3P4/2N4P/P3BPKP/2RR4 w - - 1 24
0,2rr4/p3bpkp/1pp3p1/n3P3/3PN3/7P/P3BPKP/2RR4 b - - 2 24
0,2r5/p3bpkp/1pp3p1/n2rP3/3PN3/7P/P3BPKP/2RR4 w - - 3 25
0,2r5/p3bpkp/1pp3p1/n2rP3/3P4/2N4P/P3BPKP/2RR4 b - - 4 25
0,2rr4/p3bpkp/1pp3p1/n3P3/3P4/2N4P/P3BPKP/2RR4 w - - 5 26
0,2rr4/p3bpkp/1pp3p1/n3P3/3PN3/7P/P3BPKP/2RR4 b - - 6 26
0,2r5/p3bpkp/1pp3p1/n2rP3/3PN3/7P/P3BPKP/2RR4 w - - 7 27
0,2rr4/p3bpkp/1pp3p1/n3P3/3PN3/7P/P3BPKP/2RR4 b - - 10 28
0.1,2r5/p3bpkp/6p1/n1pRP3/4N3/7P/P3BPKP/8 b - - 1 31
0.1,2r5/p3bpkp/2n3p1/2pRP3/4N3/7P/P3BPKP/8 w - - 2 32
0.1,2r5/p3bpkp/2n3p1/2pRP3/P3N3/7P/4BPKP/8 b - - 0 32
0.2,2r2k2/p3bp1p/2n3p1/2pRP3/P3N3/7P/4BPKP/8 w - - 1 33
0.2,2r2k2/p3bp1p/2n3p1/2pRP3/P1B1N3/7P/5PKP/8 b - - 2 33
0.2,2r2k2/p3bp1p/6p1/n1pRP3/P1B1N3/7P/5PKP/8 w - - 3 34
0.1,2r2k2/p3bp1p/B5p1/n1pRP3/P3N3/7P/5PKP/8 b - - 4 34
0.1,5k2/p1r1bp1p/B5p1/n1pRP3/P3N3/7P/5PKP/8 w - - 5 35
0.1,5k2/p1r1bp1p/B2N2p1/n1pRP3/P7/7P/5PKP/8 b - - 6 35
3.4,5k2/p1r2p1p/B2b2p1/n1pRP3/P7/7P/5PKP/8 w - - 0 36
3.7,5k2/p1r2p1p/B2P2p1/n1pR4/P7/7P/5PKP/8 b - - 0 36
10,5k2/p3rp1p/B2P2p1/n1pR4/P7/7P/5PKP/8 w - - 1 37
10.1,5k2/p3Pp1p/B5p1/n1pR4/P7/7P/5PKP/8 b - - 0 37
10.1,8/p3kp1p/B5p1/n1pR4/P7/7P/5PKP/8 w - - 0 38
10.1,8/p3kp1p/B5p1/n1R5/P7/7P/5PKP/8 b - - 0 38
10.1,8/p3kp1p/B5p1/2R5/P7/1n5P/5PKP/8 w - - 1 39
10.2,8/p1R1kp1p/B5p1/8/P7/1n5P/5PKP/8 b - - 2 39
10.2,8/p1R1kp1p/B5p1/8/P7/1n5P/5PKP/8 b - - 2 39
3.9,5k2/p2r1p1p/B2P2p1/n1pR4/P7/7P/5PKP/8 w - - 1 37
4,5k2/p2r1p1p/B2P2p1/n1R5/P7/7P/5PKP/8 b - - 0 37
4,5k2/p2r1p1p/B2P2p1/2R5/P7/1n5P/5PKP/8 w - - 1 38
3.8,5k2/p2r1p1p/B2P2p1/3R4/P7/1n5P/5PKP/8 b - - 2 38
4.3,5k2/p2r1p1p/B2P2p1/3R4/P7/7P/5PKP/n7 w - - 3 39
4.1,5k2/p2r1p1p/B2P2p1/8/P7/7P/3R1PKP/n7 b - - 4 39
8.8,5k2/p2r1p1p/B2P2p1/3R4/P2n4/7P/5PKP/8 w - - 7 41
8.9,5k2/p2r1p1p/B2P2p1/8/P2R4/7P/5PKP/8 b - - 0 41
9,5k2/p2r3p/B2P2p1/5p2/P2R4/7P/5PKP/8 w - - 0 42
9.4,5k2/p2r3p/B2P2p1/5p2/P2R3P/8/5PKP/8 b - - 0 42
9.6,3r1k2/p6p/B2P2p1/5p2/P2R3P/8/5PKP/8 w - - 1 43
9.8,3r1k2/p2P3p/B5p1/5p2/P2R3P/8/5PKP/8 b - - 0 43
9.8,3r4/p2Pk2p/B5p1/5p2/P2R3P/8/5PKP/8 w - - 1 44
10.4,3r4/p2Pk2p/6p1/1B3p2/P2R3P/8/5PKP/8 b - - 2 44
11,3r4/3Pk2p/p5p1/1B3p2/P2R3P/8/5PKP/8 w - - 0 45
-2.9,3r4/3Pk2p/p5p1/1B3p2/P3R2P/8/5PKP/8 b - - 1 45
-3.1,3r4/3Pk2p/p5p1/1B6/P3p2P/8/5PKP/8 w - - 0 46
-3.1,3r4/3Pk2p/B5p1/8/P3p2P/8/5PKP/8 b - - 0 46
-3.1,8/3rk2p/B5p1/8/P3p2P/8/5PKP/8 w - - 0 47
-3.3,8/3rk2p/6p1/8/P1B1p2P/8/5PKP/8 b - - 1 47
-3.3,8/r3k2p/6p1/8/P1B1p2P/8/5PKP/8 w - - 2 48
-3.3,8/r3k2p/6p1/8/P3p2P/1B6/5PKP/8 b - - 3 48
-3.3,8/r6p/5kp1/8/P3p2P/1B6/5PKP/8 w - - 4 49
-3.3,8/r6p/5kp1/8/P3p2P/8/5PKP/3B4 b - - 5 49
-3.3,8/r6p/6p1/4k3/P3p2P/8/5PKP/3B4 w - - 6 50
-3.3,8/r6p/6p1/4k2P/P3p3/8/5PKP/3B4 b - - 0 50
-3.3,8/r6p/8/4k2p/P3p3/8/5PKP/3B4 w - - 0 51
-3.3,8/r6p/8/4k2B/P3p3/8/5PKP/8 b - - 0 51
-3.3,8/7p/8/4k2B/r3p3/8/5PKP/8 w - - 0 52
-3.3,8/5B1p/8/4k3/r3p3/8/5PKP/8 b - - 1 52
-3.3,8/5B1p/8/4k3/4p3/r7/5PKP/8 w - - 2 53
-3.3,8/7p/8/4k2B/4p3/r7/5PKP/8 b - - 3 53
-3.3,8/7p/8/4k2B/4p3/8/r4PKP/8 w - - 4 54
-3.3,8/5B1p/8/4k3/4p3/8/r4PKP/8 b - - 5 54
-3.3,8/5B1p/8/4k3/4p3/8/3r1PKP/8 w - - 6 55
-3.3,8/7p/8/4k3/4p1B1/7P/r4P2/6K1 b - - 0 58
-3.3,8/7p/8/8/4pkB1/7P/r4P2/6K1 w - - 1 59
-3.3,8/7p/8/7B/4pk2/7P/r4P2/6K1 b - - 2 59
-3.3,8/7p/8/7B/4pk2/7P/2r2P2/6K1 w - - 3 60
-100,8/7p/8/8/4pk2/7P/2r1BP2/6K1 b - - 4 60
-100,8/7p/8/8/4pk2/7P/4rP2/6K1 w - - 0 61
-100,8/7p/8/8/4pk2/7P/4rPK1/8 b - - 1 61
-100,8/7p/8/8/4pk2/7P/5PK1/4r3 w - - 2 62
-100,8/7p/8/8/4pk2/5P1P/6K1/4r3 b - - 0 62
-100,8/7p/8/8/5k2/4pP1P/6K1/4r3 w - - 0 63
-100,8/8/8/7p/5k1P/4pP2/6K1/4r3 w - - 0 64
-100,8/8/8/7p/5k1P/4pP1K/8/4r3 b - - 1 64
-100,8/8/8/7p/7P/4pk1K/8/4r3 w - - 0 65
-100,8/8/8/7p/7P/4pk2/7K/4r3 b - - 1 65
-100,8/8/8/7p/7P/5k2/4p2K/4r3 w - - 0 66
-100,8/8/8/7p/7P/5k1K/4p3/4r3 b - - 1 66
-100,8/8/8/7p/7P/5k1K/4p3/7r w - - 2 67
100,8/8/8/7k/8/8/KQ6/8 w - - 0 1
100,8/6Q1/8/7k/8/8/K7/8 b - - 1 1
100,8/6Q1/8/8/7k/8/K7/8 w - - 2 2
100,8/6Q1/8/8/7k/8/1K6/8 b - - 3 2
100,8/6Q1/8/7k/8/8/2K5/8 b - - 5 3
100,8/6Q1/8/8/7k/8/2K5/8 w - - 6 4
100,8/6Q1/8/8/7k/8/3K4/8 b - - 7 4
100,8/6Q1/8/7k/8/8/3K4/8 w - - 8 5
100,8/6Q1/8/7k/8/4K3/8/8 b - - 9 5
100,8/6Q1/8/8/7k/4K3/8/8 w - - 10 6
100,8/6Q1/8/8/5K1k/8/8/8 b - - 11 6
100,8/6Q1/8/7k/5K2/8/8/8 w - - 12 7
100,8/8/8/6Qk/5K2/8/8/8 b - - 13 7
0,rnbqkbnr/pppppppp/8/8/8/2P5/PP1PPPPP/RNBQKBNR b KQkq - 0 1
0.5,rnbqkbnr/ppppppp1/8/7p/8/2P5/PP1PPPPP/RNBQKBNR w KQkq - 0 2
0.4,rnbqkbnr/ppppppp1/8/7p/8/2P1P3/PP1P1PPP/RNBQKBNR b KQkq - 0 2
1,rnbqkbnr/pppppp2/8/6pp/8/2P1P3/PP1P1PPP/RNBQKBNR w KQkq - 0 3
0,rnbqkbnr/pppppp2/8/6pp/8/2P1P1P1/PP1P1P1P/RNBQKBNR b KQkq - 0 3
0.8,rnbqkbnr/pppppp2/8/7p/6p1/2P1P1P1/PP1P1P1P/RNBQKBNR w KQkq - 0 4
-0.2,rnbqkbnr/pppppp2/8/7p/6p1/2P1P1P1/PP1PBP1P/RNBQK1NR b KQkq - 1 4
0.3,rnbqkbnr/ppppp3/8/5p1p/6p1/2P1P1P1/PP1PBP1P/RNBQK1NR w KQkq - 0 5
-1.5,rnbqkbnr/ppppp3/8/5p1p/6p1/2P1PPP1/PP1PB2P/RNBQK1NR b KQkq - 0 5
-1.4,rnbqkbnr/pppp4/8/4pp1p/6p1/2P1PPP1/PP1PB2P/RNBQK1NR w KQkq - 0 6
-1.6,rnbqkbnr/pppp4/8/4pp1p/6P1/2P1P1P1/PP1PB2P/RNBQK1NR b KQkq - 0 6
3.1,rnb1kbnr/pppp4/8/4ppqp/6P1/2P1P1P1/PP1PB2P/RNBQK1NR w KQkq - 1 7
1.9,rnb1kbnr/pppp4/8/4ppqp/6P1/2P1P1PN/PP1PB2P/RNBQK2R b KQkq - 2 7
16.7,rnbk1bnr/pppp4/8/4ppqp/6P1/2P1P1PN/PP1PB2P/RNBQK2R w KQ - 3 8
16.4,rnbk1bnr/pppp4/8/4ppNp/6P1/2P1P1P1/PP1PB2P/RNBQK2R b KQ - 0 8
22.3,rnbk1bn1/pppp4/7r/4ppNp/6P1/2P1P1P1/PP1PB2P/RNBQK2R w KQ - 1 9
19.1,rnbk1bn1/pppp1N2/7r/4pp1p/6P1/2P1P1P1/PP1PB2P/RNBQK2R b KQ - 2 9
19.3,rnb1kbn1/pppp1N2/7r/4pp1p/6P1/2P1P1P1/PP1PB2P/RNBQK2R w KQ - 3 10
19.3,rnb1kbn1/pppp4/7N/4pp1p/6P1/2P1P1P1/PP1PB2P/RNBQK2R b KQ - 0 10
27.7,rnbk1bn1/pppp4/7N/4pp1p/6P1/2P1P1P1/PP1PB2P/RNBQK2R w KQ - 1 11
32.9,rnbk2N1/pppp4/3b4/4pp1p/6P1/2P1P1P1/PP1PB2P/RNBQK2R w KQ - 1 12
34.3,rnbk2N1/pppp4/3b4/4pp1P/8/2P1P1P1/PP1PB2P/RNBQK2R b KQ - 0 12
40.4,r1bk2N1/pppp4/2nb4/4pp1P/8/2P1P1P1/PP1PB2P/RNBQK2R w KQ - 1 13
40.6,r1bk2N1/pppp4/2nb3P/4pp2/8/2P1P1P1/PP1PB2P/RNBQK2R b KQ - 0 13
53.1,r1bk2N1/p1pp4/1pnb3P/4pp2/8/2P1P1P1/PP1PB2P/RNBQK2R w KQ - 0 14
100,r1bk2N1/p1pp3P/1pnb4/4pp2/8/2P1P1P1/PP1PB2P/RNBQK2R b KQ - 0 14
100,r1bk2N1/p1pp3P/1pnb4/5p2/4p3/2P1P1P1/PP1PB2P/RNBQK2R w KQ - 0 15
100,r1bk2NQ/p1pp4/1pnb4/5p2/4p3/2P1P1P1/PP1PB2P/RNBQK2R b KQ - 0 15
100,r1bk2NQ/p1pp4/1pnb4/8/4pp2/2P1P1P1/PP1PB2P/RNBQK2R w KQ - 0 16
100,r1bk3Q/p1pp4/1pnb3N/8/4pp2/2P1P1P1/PP1PB2P/RNBQK2R b KQ - 1 16
100,r1bk1b1Q/p1pp4/1pn4N/8/4pp2/2P1P1P1/PP1PB2P/RNBQK2R w KQ - 2 17
100,r1bk1Q2/p1pp4/1pn4N/8/4pp2/2P1P1P1/PP1PB2P/RNBQK2R b KQ - 0 17
100,r1bk4/p1pp2Q1/1p1b3N/7Q/2Bnpp2/2P1P1P1/PP1P3P/RNB1K2R w KQ - 8 20